post_id;text;image_url;views_count
712417;??Благодаря вашей группе Лёва (новое сокращение от его прошлого имени Лебовски) нашёл дом!  Хочу передать благодарность админам и подписчикам и, конечно же, новой семье котана.   На первом фото - состояние, в котором мы забрали его спасаться и лечиться с турбазы в предгорьях Адыгеи. У него обнаружили ВИК, двусторонний отит, запущенный нотоэдроз, лишай, лямблиоз... Крайнее истощение, разумеется. Едва ли он пережил бы зиму.   На следующем коллаже он через полгода. Игривый активный ещё молодой кот, очень контактный и любящий людей. Никакие сложности выживания и лечения его не сломили. Собственно, жизнелюбие и стойкость его и спасли, ведь если бы он не продолжал упорно выходить к новым туристам, несмотря ни на что, мы бы его и не забрали.   Ну а все остальные кадры уже из Москвы, из его нового дома, от его прекрасной хозяйки Юлии. ??  Именно в этом сообществе она увидела мой пост про него.;https://sun9-37.userapi.com/s/v1/ig2/0XKdwxjPcGP9Wt-a_B16NxfrD9tHmSQd0RcVYaAHn9MhyE0kBE3CQT03j4kM34AHRZAYpKodf9SnrGdTV6c5LBXb.jpg?quality=95&as=32x32,48x48,72x72,108x108,160x160,240x240,360x360,480x480,540x540,640x640,720x720,1080x1080,1280x1280,1440x1440,1861x1861&from=bu&u=g7WUJWLGAEntm4snAg7i3YsP7HYrX-oYkjWpTQAYmhA&cs=510x510;22017
715488;"Этот пост — моя огромная благодарность тебе за все годы что ты живёшь с нами???? В это 16 апреля он становится взрослым мальчиком и празднует двенадцать лет! Пончик, Пончика, дурак, жопа, «он не толстый он пушистый». Почти двенадцать лет он сопровождает нас, утешает в трудные моменты и создаёт множество радостных.    Всех котят из выводка утопили и оставили нам только его. Помню, сначала он плохо прижился в доме, стрессовал и прятался по углам а через пару месяцев освоился и уже стал любимым котом. По нашей неопытности тем же летом он получил камни в почках и мы лечили его, делали уколы и успокаивали когда ему было страшно. Первые фотографии - единственные сохранившиеся с того времени, на них ему всего полгода, а мне семь. Пончика очень умный и понятливый кот, сам открывает двери и устраивает соло-оперу в пять утра, обожает солнечный летний балкон, пить из-под крана и из большого ведра и вылизывать нам лицо (мы оченб грязные по мнению его величества). Маменькин сынок, чуть что сразу бежит к ней и ябедничает про то что ему недоложили корма. Самый главный и прекрасно знает это, мем ""мама: я люблю вас всех одинаково"" это про нашу иерархию в семье. Очень любит дачу и так же знает, что он там самый главный, быстро отучался от поводка, хотя и сейчас редко отходит от нас дальше чем на пять метров. Защищает территорию от кошек (которых мы предательски подкармливаем) и запасы от мышей (на птиц не наловчился). Нереально любит спать на бустере, играть в догонялки по квартире, крутиться на моем стуле, драть его и раскидывать везде свою волосню.  К сожалению, в начале октября 2022 года ему, после многочисленных клиник, анализов и операции ему постановили карциному и сказали что он проживёт не больше недели. Это сломило всех нас и в первую очередь меня, ведь я провела с ним всю сознательную жизнь. Но... чтьтож он немыслимый дурак и говнюк, и поэтому дни шли, шли, а его состояние оставалось всё таким же стабильным, кус жеским, клич громким, а аппетит неуёмным. Сейчас уже и не вспоминаем про это, только о том какой он у нас сильный и что он переживёт всех нас сто раз.    Фотографий его накопилось очень много, хотя большинству из них не больше трёх лет. Всё что нужно о нём знать - он главная звезда и шутки о том, что он мамин главный ребёнок - вовсе не шутки. Спасибо тебе за всё, я рада что сейчас, пока я пишу это, ты лежишь головой на клавиатуре и мешаешь своей головёшкой???? Ты лучший кот, о котором можно мечтать.  t.me/kotrastet/7350";https://sun9-2.userapi.com/s/v1/ig2/yvvLn8X1A43ipqVf8d_HkXqrYRHfRWjxp52AmeAcmD0IVAbbhrOH9n-QRzn0mvlOAsawIsIoxCXhj7H4hgyfCocB.jpg?quality=95&as=32x24,48x36,72x54,108x81,160x120,240x180,360x270,480x360,540x405,640x480,720x540,1080x810,1280x960&from=bu&u=75uK1A7MLFmOW2y7ipuxnZoem-Y0H4acj5bVNbhUvTM&cs=510x382;1643
715456;Пост памяти. Почти неделя прошла, как нестало моего верного друга, который согревал мою жизнь своим присутствием, был рядом в сложные моменты. А теперь будто часть сердца вырвали из груди. Но я благодарна моему Пушочку за наши игры, лежание вдвоём на диване, за то, что он всегда встречал. Он был удивительно ласковым, добрым, спокойным мальчиком. Будто где то сверху решили, что этот котик идеально мне подходит и дали нам целых 10 лет. Но болезнь оказалась сильнее нашей любви и привязанности... Но теперь котику больше не нужно посещать врачей, принимать мерзкие лекарства, теперь он будет ждать меня на радуге и мы обязательно встретимся...;https://sun9-28.userapi.com/s/v1/ig2/RRq1zjHbscgE7AWK71EXAIcU2t1vsMgLkIPFo78xIXFVd6iPO9JbjGA8T6KvQBdSXPnvmuGBq4YQ23VaTReTSSJa.jpg?quality=95&as=32x43,48x64,72x96,108x144,160x213,240x320,360x480,480x640,540x720,640x853,720x960,1080x1440,1280x1707,1440x1920,1620x2160&from=bu&u=VQad9hGu-7ub3KYygembEnKZlhP5xYiXe184JNBdYkM&cs=510x680;5449
715434;Здравствуйте! Мы здесь уже были, решили поделиться с вами новыми фоточками ???;https://sun9-46.userapi.com/s/v1/ig2/Ej_fUniBQx4sje8vj8a6AwqgZWcVItWqR0pLfrioSukLQ7v4MWEp1TQH-gUlG2hsfpRa9Sz6EDcM73flRew6is26.jpg?quality=95&as=32x41,48x62,72x93,108x140,160x207,240x311,360x466,480x621,540x699,640x828,720x932,989x1280&from=bu&u=P3fJTri4BxLXbWcfcu4ATMM-4jr4O9ps-BcIRYKNAvg&cs=510x660;6601
715396;Шотландская шоколадка Alf Crystal Dew, ну или просто Шерлок) Настоящий котосов!  19 июля исполнился год)  И за этот год наш котик много где побывал. Изначально приехал к нам в Петербург из Иваново. Потом летал на самолете до Москвы, с Москвы до Южно-Сахалинска, а оттуда на остров Итуруп) Да-да. Успел познакомиться с курильскими бобтейлами (фото красавца Кеши прикрепляю, может кто-то знает этого знаменитого кота Итурупа)))  Полгода жили на острове, потом вернулись в родной Петербург. Самый контактный и милый котик. Его можно тискать и целовать 24/7. Конечно, все соблюдают кошачьи личные границы, хоть и хочется иногда его съесть)  Очень любим нашего толстопопого котосову??;https://sun9-58.userapi.com/s/v1/ig2/DoMIz02AA2Kdh85-XFIriTiUSODYHISn9ydrNJjIFnaELTEyLB3H4i7Mc2_vhu1MMuQT6PIVxoMBkfsq9Sn1AmHS.jpg?quality=95&as=32x43,48x64,72x96,108x144,160x213,240x320,360x480,480x640,540x720,640x854,720x961,1080x1441,1280x1708,1439x1920&from=bu&u=xfUmmQU_v3jAKE74q9dgK5DGujg7MckdYOCWw4VF7ZQ&cs=510x680;27749
715339;доброго времени суток!! это Пуся, ей 10 лет 1 - портрет  2 - греется на солнышке  3 - смешняво лежит 4 - красиво лежит  5 - смешнявая фотография 6 - снова портрет  7 - лапочка  8 - хоба  9 - смешнявая фотография;https://sun9-42.userapi.com/s/v1/ig2/FZJVlfn9tmIYl7OhmBSUtkbdfIIuFk7sOOmZl-pq9fdp3YQP562-Di4hjeV1EUgilf_wrCQnI9LtLbpQ6p7Zd7MQ.jpg?quality=95&as=32x42,48x63,72x94,108x141,160x210,240x314,360x471,480x629,540x707,640x838,720x943,1080x1414,1280x1676,1440x1886,1955x2560&from=bu&u=TqirTSaRnuYL8wDFr1vzua1T9AlWvSvD8fLFdSKaGFQ&cs=510x668;9646
715298;Грустный пост!  ??Пост памяти   1.11.2024 в 21:13 не стало Кузи. Котика из этого поста: https://vk.com/wall-152141431_343234  Сначала предполагали перетонит, потом лейкому. Вскрытие показало отравление. Мы боролись с ним до конца. Умер он у мамы на руках в ветклинике, когда его пытались реанимировать. Он умер на руках своего самого любимого человека, хоть и принесла кота в дом...я.   Малыш, спи спокойно. Ты устал. Отдыхай. Ты заслужил, ты боролся до конца. Ты умница. Я тебя люблю. И мама тебя любит. Пожалуйста, навещай нас когда на небе будет радуга ??. Я буду тебя ждать...С радугой.   Я назвала тебя в честь котенка из книжки С.Мальцева. За твой весёлый яркий рыжий нос. У тебя были прекрасные зелёные глаза. Ты был игривый, умный и самый вежливый кот на свете. Последние часы жизни будучи тряпочкой ты все равно полз на лоток. И не понимал, что происходит у тебя с телом. Почему оно не слушается. Почему ты писяешься.   Тяжело. Он у нас с 2-х месяцев. Тяжело видеть. Как твое сокровище угасает на глазах. Смотреть в его мертвые стеклянные глазки тоже было очень-очень больно. Это мой первый питомец и как будто бы последний. Я не знаю смогу ли завести другого кота. Или вообще кого-то еще. Мы в ответе за тех кого приручилили.   Пожалуйста, будьте с ними до конца. Если умерло животное, то попрощайтесь с ним. Обязательно. Больно, но нужно. Мы для них целая жизнь. А они для нас период жизни;https://sun9-9.userapi.com/s/v1/ig2/FDB62UHjce3ysnP_vrx-6sK1KnleECP38uvv47d_hzglMC4jNh0A1ZEuGIqcLFDSA-bZ7PXW79CTtkL3wxylrWRg.jpg?quality=95&as=32x43,48x64,72x96,108x144,160x213,240x320,360x480,480x640,540x720,640x853,720x960,1080x1440,1280x1707,1440x1920,1920x2560&from=bu&u=dYk43DyeX4Wcofwy2LqAX2pvgRLoV1UyyCkkKfO5ahE&cs=510x680;10445
715280;Знакомьтесь, вот эту мелочь зовут Боня, полное имя Синнабон, Булка с корицей, Бонита Александровна) Мы с мужем случайно наткнулись на неё в секторе частных домов, когда гуляли весной. Ласковая и игривая девочка сразу привлекла внимание. Но на территории много собак, и мы сразу подали клич в общий чат района. Никто не откликнулся. А кисуня пошла за нами, прям до дома проводила. Мы взяли её на временную передержку в надежде, что хозяева откликнуться, но этого так и не произошло.  Так что теперь вот такая своенравная девушка живёт у нас. Очень любит спать под боком или на тебе, играть в футбол, лизать кастрюлю)) делать царап-царап и сидеть на окне смотреть на улицу. С мая она ещё очень подросла и стала прям грациозной модельной кошечкой. На руки не даётся, но очень любит придти сама на коленки прыгнуть);https://sun9-14.userapi.com/s/v1/ig2/Y3yV32YlMUa5PkSSqFRtHU3OyJmSfDtTp6rYxzCK6h-YHI9J6x48ruKmQo9iz480SzonqCoSN7ZY2BpuR5RwIoJY.jpg?quality=95&as=32x57,48x85,72x128,108x192,160x284,240x427,360x640,480x853,540x960,640x1138,720x1280,900x1600&from=bu&u=GZnQWHz1KxpjmokvVy3rUkOFGrw11N7CpsCL0iwQY8g&cs=510x900;10491
715267;Мы тут уже были https://vk.com/wall326851593_222 , но у нас случилось пополнение. Василий попал к нам уже почти взрослым котиком. Очень наглый и самодостаточный кот, который через 5 минут нахождения в доме покакал в лоток Дуси и уплетал из её миски корм ??  Стычки, конечно же бывают, но обычно живут тихо-мирно. Работают в команде, один на стреме, второй шкодит. Если дверцы шкафа закрыты- не порядок. В туалет? И без нас????  Нет места в доме, где бы не было их шерсти. Но жизни без них мы уже не представляем.;https://sun9-5.userapi.com/s/v1/ig2/H8Z9P1ThbqJmcdn4XF-QOmF2W1Cka8DmJbwpyGvj2CR1DAWaVIHiGtTutIt_TKV_-TvPTD0NMKv6D0VbuvMPI79K.jpg?quality=95&crop=0,0,1200,1598&as=32x43,48x64,72x96,108x144,160x213,240x320,360x479,480x639,540x719,640x852,720x959,1080x1438,1200x1598&from=bu&u=mIJhXOK7jDXdMDIl8Tl-xwx0EHCZtcjxapRiBg_S9aQ&cs=540x719;8734
715241;Клёпа растёт  Но всё ещё не доросла до Клеопатры ??  Пока просто Крыска-бандитка  t.me/kotrastet/8550;https://sun9-52.userapi.com/s/v1/ig2/YGjTKjvo_jgnxhm-Vlupde3SCLJbrxgqVo8QPyMwMzgvrcs7UXw6wQVK-RBw6ZKTgHVGDZZyxKCcTW-Q381-ond_.jpg?quality=95&as=32x43,48x64,72x96,108x144,160x213,240x320,360x480,480x640,540x720,640x853,720x960,960x1280&from=bu&u=TIm5GfI4_2y0Ea8AUVEXDz8-0d4q454iDtCocuvkOFI&cs=510x680;21063
715240;;;9254
715236;#некот;;4961
715172;Бусёныш, Пусёна, Афанасьева Бусинка ?? 1 годик  Появилась у нас случайно (как и предыдущие 3 кота), мама пришла на работу с выходных и ей рассказали о котенке, который передвигается на передних лапках, волоча за собой за собой задние   Что с ней произошло-сделал это какой-то «человек», или упала с большой высоты на предприятии-мы не знаем, но гадать здесь было бесполезно, только себя нервировать   Недолго думая, мама положила ее в коробку и привезла домой  Решили, что сделаем все возможное, чтобы она начала ходить нормально, и постараемся пристроить в добрые руки (хаха, как и предыдущих подобрышей)   Поставили перелом позвоночника..  Столько ветклиник мы не посещали никогда, столько различных специалистов, с кем никогда не думали столкнуться   Но, однажды нам повезло, попался хороший лечащий врач и физиотерапевт  Нам расписали все упражнения, которые мы делали 4-5 раз каждый день, нужно было ограничивать движения после занятий и сидеть в клетке, ей совсем это не нравилось (фото 3)  Сначала ребенок охотно делал вид, что старается и терпит все возможные сгибания и разгибания лап, а потом, кажись, понял, что ей везде делают поблажки, сюсюкают и в любом случае в конце дадут вкусняшку, и немного подзабила и начала проситься играть с другими котами, потому что с людьми уже не так интересно)  Так вот, спустя время, мы начали ходить. Да, как-то периодически заваливаясь с бока на бок, но начали, мы были счастливы и ревели как ненормальные, видя эти шаги ??  Буся так ни к кому и не поехала жить, да мы и не пытались, с первых дней стало понятно, что она наша девочка   Единственная девчонка из четырех котов, самая ласковая, самая нежная и самая громкая, когда ты просто проходишь мимо ее миски, и повторюшка невозможная, переняла все повадки старших, даже со своими лапами умудряется залезать и проверять, что там для нее оставили на столе  Ловец всех жучков, самый активный ребенок, у которого постоянно есть желание смыть языком твой макияж))  Определить, что именно она идет укладываться ко мне под бочок спать-можно по шварканью лапами и пинанию звенящих игрушек (которых у нее просто миллиард, на вб было потрачено несколько зп будто бы, всякие тоннели, шарики, мышки с хвостами, перьями??)  В общем, невероятно добрая и самая любимая девочка, которая растопила сердце всех жителей квартиры, при том, что коты у нас строгие парни???;https://sun9-25.userapi.com/s/v1/ig2/RlzFOQU2BU1LF7MwEM-76ORyCWfc5KQXHzCZ6bUem6WDznee7Jm05KlzKlvj_ShdsPSmZA1zwZIuXKXMb9N00Q9-.jpg?quality=95&as=32x43,48x64,72x96,108x144,160x213,240x320,360x480,480x640,540x720,640x853,720x960,960x1280&from=bu&u=_Syz-IQbr9Nqzx6jwOcPHCQu-v7nI0lXxIvjS1J00-Y&cs=510x680;19298
715143;"Мечтаете о котике? В чате уже более 50 подопечных ждут свою семью!  ????В ""Мяу-рейс к семье"" вы найдёте самых разных хвостатых друзей: от маленьких игривых котят до мудрых и ласковых взрослых котиков. Каждый из них нуждается в доме или хотя бы временной передержке. Все они уже выстроились на старт в поисках своих любящих хозяев!  Присоединяйтесь к чату и помогите им добраться до финиша — до уютного дома и заботливой семьи. Может быть, один из них уже ждет именно вас? ??  Москва, ваши пушистые друзья ждут!    ?Чат помощи бездомным котикам (https://tglink.io/14da673cd436) - ссылка на чат, ждем вас!  ??Канал, где размещены все котики что в поиске дома (https://tglink.io/0b1dc1ed48e6?erid=LjN8K1Hwv)";https://sun9-43.userapi.com/s/v1/ig2/UnWWmS22S4kJ9gcIcpPojZjIr5NIq9ES7oUzIdZbFOp8q2M5RTzYSawa8V1-CxbhJhXZo5sbFBpHWSxnleRq5Bih.jpg?quality=95&as=32x32,48x48,72x72,108x108,160x160,240x240,360x360,480x480,540x540,640x640,720x720&from=bu&u=eCIjAysnUenA1OfoNU6gwx0IfsqPr9l5iFEGnXhikQk&cs=510x510;6014
715064;Пост памяти...  Дождливым утром 28 октября 2024 убежал на радугу мой любимый мальчик ? мой котик Лёня, Лёньчик, мой сладкий рыжик. Десять лет рыжего счастья, очень сильно скучаю, рыдаю??никак не справлюсь я с тоской по Лёньчику, сердце на тысячу осколков ?? от безысходности. Боролись с болезнью, даже когда доктор сказал, что шансов почти нет, я верила что выкарабкается.... Но увы... Очень своенравный , с мужским характером кот))) однолюб))), любил только меня, урчал песенки только для меня., а теперь тишина.... Домой не хочется идти меня мой лапушка не встретит, как раньше, не полезет своим носиком в пакеты за вкусняшками. Последний день его жизни носила его на ручках чесала за ушком, он засыпал, видимо боль отпускала., говорила с ним, что если он уйдёт мы всё равно встретимся там.. Только это будет не скоро,а когда он меня увидит, то скажет... Ой Мама какая ты у меня стала старенькая я возьму его на ручки и прижму его к себе и мы больше никогда не расстанемся ??. Утром мой малыш уже не встал??????прости меня, я делала всё возможное чтобы спасти тебя!!! Я знаю, Я верю, И Я оставляю открытыми двери ??????;https://sun9-18.userapi.com/s/v1/ig2/5kTL1poaaKdWjf1MYUmMHmY1FRop3GQeR8_kFkW8jyK1kBUs9HNr9stUI-d7UFtoWt_BflKstPrrEYxr5kHc9_iG.jpg?quality=95&as=32x53,48x80,72x120,108x180,160x266,240x399,360x598,480x798,540x898,616x1024&from=bu&u=xlljBcyQQPO9uUBHMbAnmyHdH7sRXofN-9AYZi-F8Sw&cs=510x848;11947
715031;;;11958
715020;#help@kotrastet  ?? дом ?? Москва и МО  Марья, 3-4 месяца.   Кошечка Марья ищет любящих и ответственных хозяев. Ее братика и сестричку уже забрали, а она одиноко плачет на кухне передержки ??   Девочка была спасена из ужасных условий, они жили в гаражах, где негде было укрыться от непогоды и никаких шансов согреться, спали на голой земле.  Марья обработана от паразитов, кушает сухой и влажный корм.  Пока осторожна к людям, но это дело времени.   Пристраиваем строго в дом с установленными/готовностью установить сетки антикошка.   Обращаться можно в мессенджеры по номеру 89295055265;https://sun9-63.userapi.com/s/v1/ig2/oVWz-mdVHi6t2sQ9EwL2XrCLJR-VpBy1tR00D2hGS7OGW_8kwIG5Lovujc_mzZwY7MPEGhaOhG5APplzf6TeFj21.jpg?quality=95&as=32x23,48x34,72x51,108x77,160x114,240x171,360x257,480x343,540x386,640x457,720x514,1080x771,1280x914,1440x1029,1512x1080&from=bu&u=64CtS76UdRJ7LhAsLFjQaAkoG3HJrtJebAIHD-fTzAc&cs=510x364;6018
714989;Привет всем! Знакомьтесь с Максиком ??Вот так подрос малыш, подскажите, как вы защищаете своих малышей от клещей? Просто мы живем в частном доме, и кот сейчас часто бывает на улице и вот уже дважды подцепил клеща за месяц, переживаю, что он чем-то заразится.;https://sun9-76.userapi.com/s/v1/ig2/WJG_aiB3Ng8CeKQa0qX_z3OHZX3r5jqMcJNulg9Thq_I2zjQqMKKdF39okek35fG9ThyhV3ylZfINfTseWJASXuf.jpg?quality=95&as=32x43,48x64,72x96,108x144,160x213,240x320,360x480,480x640,540x720,640x853,720x960,960x1280&from=bu&u=tdqHf0gAxlqKFOCqw2MahUNXqsyVMdkKAjiVAfxc4bI&cs=510x680;8178
714967;Всем привет! Это моя любимая сладкая булка ) ему чуть больше года и зовут Флеш   Найден был возле офиса в кустах…сидел там весь день и не двигался с места. При ближайшем рассмотрении, оказалось что один глаз не видит, ходить практически не может и все время падает , весь в личинках и вшах…а шипит как дикая пантера )) И тут…сердце не выдержало  Пришлось забрать)  Муж дал три дня , чтобы пристроить это «чучело» на авито ),…чего конечно же я не сделала ) Прошло немного времени и гадкий утенок, стал упитанным и красивым котом ) Любит лазать по столам , есть креветки, рыться в цветах и делать кусь ))  P.s.: сейчас муж любит его даже больше меня ))так что все ок ?;https://sun9-74.userapi.com/s/v1/ig2/Ojh_QgNBvWrYSJsHX2Vw7JFGJB7HADy8_-ErrnEK_PnnmHk2bdgOt2kgm0UhfnYJZYu7iUwH6Zpjxm0j-KxKfiNw.jpg?quality=95&as=32x43,48x64,72x96,108x144,160x213,240x320,360x480,480x640,540x720,640x853,720x960,1080x1440,1280x1707,1440x1920,1920x2560&from=bu&u=H_Ze6daN2aMCdWnT-GqBT4J9CSQaE2vWf7nxfsc0jVw&cs=510x680;14139
714942;Всем привет! Хочу рассказать о своей любимой кошке по имени Мия. Мию нашла год назад у себя в подъезде, где она ,мягко говоря, была не в лучшем состоянии. Её подобрала соседняя девочка с подъезда,где она сказала,что Мия чуть не попала под машину. Чуть позже ,она познакомилась с моим дедушкой Баги ( ссылка на пост с Баги, если кому интересно: https://vk.com/wall-152141431_601966 ).   Она сначала всех боялась в доме, но потом начала привыкать. Баги её научил ходить в лоток ,хоть ему и тяжело было самому это делать. Мия начала со мной спать, играть, всё меньше боялась меня. Когда Баги не стало,она продолжила ходить к его лежанке и ждала его ??  Сейчас Мии год и три месяца , и я очень рада, что забрала её с улицы.;https://sun9-66.userapi.com/s/v1/ig2/0S22Dj5eyr6BFAT3-za5WEzrdGMOl2mJ4mX7sS-5ojTDbvJDQqKPjMXTG5I-_onKXDmYXl6g7puvN81YnZJU1Zq7.jpg?quality=95&as=32x24,48x36,72x54,108x81,160x120,240x180,360x270,480x360,540x405,640x480,720x540,1080x810,1280x960&from=bu&u=kARjXaQXyqso2x1KSvQkT3Ix3XMKs96wCnXaX1KASwE&cs=510x382;8825
714877;мой непоследливый, кусачий и иногда царапающийся, но всегда любимый Каспер ??  любит подрать кожаное игровое кресло, обожает носиться как угорелый, может позволить себя погладить, любит спать в ногах, на кровати, рядом   очень красивый, крутой, уже практически настоящий мужчина, ему около 6-7 месяцев, был привезен мне из другого города, где волонтерша нашла его в подвале   был очень маленький и сейчас уже в свои полгодика очень большой, мускулистый и сильный потому что носится как ненормальный   mybabymylove;https://sun9-40.userapi.com/s/v1/ig2/A_DoW3LByCaIJ9OGLafkbXSQsnLtvPFmW7KAUZ-0jqETd-tP--l8XO_PXj_yNIgo7en0Fpw-wTZi2qAlxAuDMuhi.jpg?quality=95&crop=0,0,1917,2560&as=32x43,48x64,72x96,108x144,160x214,240x320,360x481,480x641,540x721,640x855,720x961,1080x1442,1280x1709,1440x1923,1917x2560&from=bu&u=HUUz7fkAO_Yw0M0oJard0oPMP9TGYNtTb4m0CmroIjM&cs=540x721;23766
714854;Всем доброго денёчка?? Этого маленького пупсика зовут Мусик(а также Мусине,Мюсик,Кися и сынок) Нашла эту булочку на фарпосте. На 1ом фото его первый день в моём доме,он был такой маленький. На 3ем и 4ом фото мы в гостях у родителей и их кить. Пока он рос,он постоянно тыкался своей мордочкой в лицо и засыпал. И вплоть до сегодняшнего дня он так делает,хотя ему уже почти год...тяжело держать на себе такую свинку:d Обожает бегать,играть с мячиками,доставать других котиков в доме(они от него прятались,пока он был маленький) А также ему нравится доставать кули какули с лотка и катать их по полу?? но мы всё равно его очен любим Сейчас он уже большой и так грустно,что эти пупсики так быстро растут...??;https://sun9-19.userapi.com/s/v1/ig2/4NWTtu2qO8RU6P3JH3W92PyhW7dQZV-cR3WpRvdV3Ln8orE2o-OD4kGx1fW22fXudUEplexkIxfL8ZyqZBV45k7A.jpg?quality=95&as=32x43,48x64,72x96,108x144,160x213,240x320,360x480,480x640,540x720,640x853,720x960,1080x1440,1280x1707,1440x1920,1920x2560&from=bu&u=GTapkSm33eW8P8qataLRAoN-n1IyiOV_s-h8waJi2hA&cs=510x680;10513
714826;Всем привет, нашего малыша зовут Серичка, вот такой красавчик он у нас, очень сильно его полюбили, забрали мы его 3 недельного, родился он в деревне на улице, их выложили в группу, я сразу поняла что это мой котик, люблю его очень сильно, и всем желаю найти своих котиков, в приютах или пристраиваюших группах, они ждут нас ));https://sun9-75.userapi.com/s/v1/ig2/82nBVzs2TwEEPJbiJsnTNNbfp-cPC45j5OigBaBb1Jj0d3jUCkYBTzesQI6Ux6CAjcEzXAnPGucoN3T2OCMETSSb.jpg?quality=95&as=32x43,48x64,72x96,108x144,160x213,240x320,360x480,480x640,540x720,640x854,720x960,1080x1441,1280x1708,1440x1921,1919x2560&from=bu&u=SszU2KL1z_pZfLvz_8gLt29e14bqbL9DeU96zHC4eDw&cs=510x680;10838
714799;Рубль ?? 1 - 10 месяцев;https://sun9-37.userapi.com/s/v1/ig2/nWPGH-QLeJJQDwoViQr0OwcZe_YYbAjfPdLOoqv2QGELSJa5fF1eS1UoxKoM1PgEPzwHm_vf6kvn3CStCFnDkGtQ.jpg?quality=95&as=32x43,48x64,72x96,108x144,160x213,240x320,360x480,480x640,540x720,640x853,720x960,1080x1440,1280x1707,1440x1920,1920x2560&from=bu&u=-sjAqLC1tel4yzdFRxyEAzTsn2b0GHohRIA2qNkWj8Y&cs=510x680;13247
714726;Мои находки из помойки. Очень непросто было вырастить в условиях отсутствия отопления и наличия работы??Старшая кошка Василиса помогала с освоением лотка и когтеточки.Классные девчонки выросли - очень умные и совсем ручные.С рыжим пятнышком на лбу это Клёпа, а её вредную сестру зовут Зайка.Последнее фото вся банда в сборе;https://sun9-73.userapi.com/s/v1/ig2/ceQyfNFEIKNZV0j8Iirej-SgtXf60RvJHdtIDD0BDCvZ1kDTmz3TGTzKkZJkO7_M0E8myz5RZrgAOc5vI6IMhb3k.jpg?quality=95&as=32x43,48x64,72x96,108x144,160x213,240x320,360x480,480x640,540x720,640x853,720x960,1080x1440,1280x1707,1440x1920,1920x2560&from=bu&u=_L7iWpXCUnYC7SxmF8mzjMLRg1FkLVTtutrTAJOQpiM&cs=510x680;37204
714705;Тося aka Тося Чайкина Особые приметы: 8 лет Любит коробки,спать в раковине,закрадываться ночью в спальню и начинать блювать Требует открытых дверей во всей квартире;https://sun9-35.userapi.com/s/v1/ig2/Cl_w5u9HKMVQCuQUcLmIKcZ5B8pG8bj2ginIXWtBDTAlfZ-4IuVwft1gielRe9ZJme-LWoMTNv3H5yZYSzGvpNDI.jpg?quality=95&as=32x48,48x72,72x108,108x162,160x240,240x360,360x540,480x720,540x810,640x960,720x1080,1080x1621,1280x1921,1440x2161,1706x2560&from=bu&u=AjTWATVXupSGjDC8iGpwYNiPeUsq_cz8jqk8l6HViAI&cs=510x765;10140
714690;Моя булочка с окрасом сердца? Встретили ее на трассе и решили забрать?? Любит лазить везде особенно сидеть на моей спине??Будильник по утрам в придачу,по лицу бьет лапой это значит надо встать ее покормить и открыть окно смотреть птичек??;https://sun9-45.userapi.com/s/v1/ig2/PGR7A7Fpz6DlP94iWuEBbuA1-vBKmfghkqSBzJkdeL6HVNc24z7w-mXYaz7n6Y84BONaA0GIxrF3FLfxk6RH2qLx.jpg?quality=95&as=32x43,48x64,72x96,108x144,160x213,240x320,360x480,480x640,540x720,640x853,720x960,1080x1440,1280x1707,1440x1920,1920x2560&from=bu&u=Jsn2WY7Pm3QZLlSyUuB4jvKFxhxHDhJKtDnH9UnD7vg&cs=510x680;13508
714657;"Грустный пост   Года 3 назад уже знакомила вас с Кокси,которая прибилась ко мне пузатенькой с киндер сюрпризом.   В апреле этого года я заметила,что она кричит больше,чем обычно,когда её берёшь на руки ""подмышки"". Меня это забеспокоило и мы поехали к врачу,который нам сказал,что скорее всего у неё болит животик и прописал диетический корм. Лучше ей не становилось,сделали УЗИ живота,кровь сдали. Все в норме. Но в конце апреля она стала плохо ходить,пошли к ортопеду на рентгене все хорошо-прописали обезбол и при отсутствии динамики-мрт. Ко дню мрт она уже почти волочила задние лапки,а после мрт совсем задние лапы перестали функционировать. На мрт-эпидуральная гематома и отёк спинного мозга в грудном отделе. Я без понятия как,никто упаси Господи не мог её ударить,побить,откуда-то скинуть. Единственный вариант,что она очень любила прыгать,когда мы играли и ударилась каким-то образом. Больше предположений у меня не было и нет до сих пор... Я сделала для неё все,водила к врачу каждый день,на капельницы,колола сама,делала массаж мочевого пузыря (так как она не ходила в туалет по маленькому сама...). Вроде ей было лучше. Но как только врач отменил капельницы...за 2 дня кошка просто совсем превратилась в овощ. Я была готова,что она никогда не будет больше ходить и что ей каждый день нужен будет массаж мочевого пузыря,лишь бы она жила,но естественно не имея боли при этом.В последний раз своей более менее активности она мурчала рядом со мной,утыкалась мне в руку...   Утром 24 мая я поняла,что у неё парализовало и передние лапы,ещё она стала громко и тяжело дышать. Повезла в клинику врач сказал,что отёк пополз вверх и у неё уже начинается отёк дыхательного центра. Я будто была готова к плохому исходу,но в моменте поняла,что нет. В общем приняли решение её усыпить... Потому что естественная смерть наступила бы от асфиксии в муках. Она прожила со мной почти 4 года,я очень ей благодарна за любовь и ласку. Надеюсь,она прожила хорошую кошачью жизнь со мной.  Спи спокойно,моя малышка Кокси?????";https://sun9-52.userapi.com/s/v1/ig2/uoiXoy5bNT3os9eT98wLlwbOEOzWaR-j1WFY2tGv73AFJEqTdUe13oZM6WE82PF48f-12-5iEhXD271dPcSFz2Gu.jpg?quality=95&as=32x37,48x56,72x83,108x125,160x185,240x278,360x417,480x556,540x625,640x741,720x833,1080x1250,1280x1481,1440x1667,2212x2560&from=bu&u=aZnf942kS34rK2UvKHe3Z2uU9oxkb15imamcGv_25AA&cs=510x590;12900
714634;#help@kotrastet ??дом ??Москва и МО  Пушистый львенок Твикс ищет свою семью и дом  Мы решили спасти котейку с улицы, когда были лютые морозы. Всех его друзей, с которыми он играл летом, разобрали, и малыш остался совсем один. Его так и не пустили домой, когда отметка на градуснике показывала уже -25 С°...  Была цель: быстро найти новый дом. Но все оказалось не так просто, и Твиксику предстояло долгое и основательное лечение. И вот, оно, наконец, позади, и Твикс с нетерпением ждёт встречи с новой семьей.  Обладатель роскошной солнечной, словно позолоченной, шубки с таким же золотым характером. Замечательный котя, любвеобильный, ласковый, нежный. Обожает руки, ходит всюду хвостиком, при каждом удобном случае бодается и ласкается. Настоящий генератор урчания-мурчания.  Умный, активный, жизнерадостный, любит поиграть, но разум в безудержном веселье не теряет – все у него в меру. Успевает одновременно и с человеком пообщаться, и погладиться, и помурчать, и не забыть перекусить при этом вкусным кормом (ведь для игр нужны силы).  ??5 лет ??Привит ??Пролечен ??Обработан ??Кастрирован ??Приучен к лотку ??Ласковый и обнимательный мурчалкин ??Носитель ВИК (не опасен для людей и собак) ??Проведена операция на ушке  Если вы читаете это и понимаете, что это ваш кот – срочно звоните по телефонам для укотовления!??  +79037201276 Екатерина +79531574023 Юли  Альбом Твикса: https://vk.com/album-223933225_301228248;https://sun9-19.userapi.com/s/v1/ig2/NTRB2188IrqG13xGGqjkxbGmMoS8yBeVuTtyqVl9V7OjcciO5KXEZEZwHaZtystKFh2AvmxMDImpoSFkuB9onSh3.jpg?quality=95&as=32x48,48x72,72x108,108x162,160x240,240x359,360x539,480x719,540x808,640x958,720x1078,1080x1617,1280x1916,1440x2156,1710x2560&from=bu&u=mgbqcuYJ74VJWs01jjAWjgmDqpAe3oX58A-3wL5QNGg&cs=510x763;5778
714562;Принесла домой малышку в сентябре, когда было два с половиной месяца (1 фотография, первые шаги в новый дом). Очень активная, тактильная и ласковая девочка ? Многие как услышат что дома сиамская кошка, так сразу реагируют отрицательно, со словами «Злая наверное?». Этот котенок настолько много получает любви, что не может быть злюкой ??;https://sun9-41.userapi.com/s/v1/ig2/tXpuBxykfb8nfgxkxBaRwPANcF2Zpi0vbZ4344hdyUZCgwMbcyTvc6nkjXKEe7-u3Nlhs-m4_rx1M_GYNagp3084.jpg?quality=95&as=32x43,48x64,72x96,108x144,160x213,240x320,360x480,480x640,540x720,640x853,720x960,1080x1440,1280x1707,1440x1920,1920x2560&from=bu&u=4dHdSvZM2IKm9ceSTqCuJ8DgytF8sXoXgc8EhOpEHXc&cs=510x680;17099
714546;Мотя (Матвей/Мотик) Шотландец, 3 месяца Ездили забирать его из Тюмени, сейчас живёт в Екатеринбурге Наглый хулиган?? Но очень милый, игривый и нежный? Обожает охотиться и кусаться. Будь это игрушка, ноги или шторы - Матвею без разницы?? Любит спать в обнимку с рукой или плюшевой рыбой Владеет мячом почти как Месси??;https://sun9-8.userapi.com/s/v1/ig2/7sDCbfs3xR_uh3gMpeNm4fxELjhlZjkIixKK0jPGIrjR6NNTvRBaEiYgf-EelpyNThbivQb0KUJYPrk1iynrpmCe.jpg?quality=95&as=32x43,48x64,72x96,108x144,160x213,240x320,360x480,480x640,540x720,640x853,720x960,1080x1440,1280x1707,1440x1920,1920x2560&from=bu&u=xNiKmrdxS_QWfpdDazqYPegFnGhsoIxx3xNjEbY4Z_I&cs=510x680;10273
714530;всем привет. возможно кто-то нас помнят ещё маленькими, но если забыли то напомним! это Лёня ему год и он очень любит драться, спать с мамой и разговаривать на своём языке. ??  всем передаёт привет ?;https://sun9-48.userapi.com/s/v1/ig2/E2WYCp5R2HUEz_MRUIf3lfkU9saUpotAtbCbDO4GyCsA6cZIU-PWRELzhxZbFKKRXgfo5T1SyvhoHK55hhmFFegV.jpg?quality=95&as=32x43,48x64,72x96,108x144,160x213,240x320,360x480,480x640,540x720,640x853,720x960,1080x1440,1280x1707,1440x1920,1920x2560&from=bu&u=BNIWgdsF7MR6dJg3prowja5LKEtSJR4N6xx7h_EVXHc&cs=510x680;8848
714506;50 оттенков кисы Алисы) Мы тут уже появлялись  Киса чувствует себя замечательно Живет свою лучшую жизнь ??;https://sun9-11.userapi.com/s/v1/ig2/yrWJA7-dyhMnXt2te1uIzV82jwWU-J1gswob6DF-pzUk4DL5Ga8AY4Hlj7t8qtM-Fj5jWlF9GxtPIMU2_-VKlCbv.jpg?quality=95&as=32x43,48x64,72x96,108x144,160x213,240x320,360x480,480x640,540x720,640x853,720x960,1080x1440,1280x1707,1440x1920,1920x2560&from=bu&u=ll1junGhm8yE7vAwPLO07L4pv1hBp2BDfU-6v4Ax4dQ&cs=510x680;8538
714473;#help@kotrastet  ?? ищут дом семеро котят ??Тульская область, Донской??Москва, МО  Бездомная кошка окотилась у нас на участке, 2 недели откормила и ушла умирать.  Отда?м котят, их 7. Стараемся ухаживать за ними: обработали от блох, проглистовали, восстанавливаем им глазки.  Скоро отвез?м их ветеринару и постараемся устроить карантин для детей. Занимаемся подобным в первый раз и буду рада советам в комментариях. На авито выложили с рекламой.   Рассказываю про котят: -всем примерно по 2 месяца -нашли их в двухнедельном возрасте -один из малышей приставучий трактор, всегда есть до всего дело. Ляжет на Вас и будет до победного урчать -очень крупный, к рукам приучен, охотно на них лежит -нелюдимый, пока бегает от нас, но знает место -учится мяукать, пытается с нами заговорить  Остальные пока не сильно выделились, трое будут с длинной шерстью и четверо с гладкой.  Мы готовы оставить одного, но остальным хотим найти любящих укотовителей????  Если необходимо, то привез?м ближе к Вам (Тульская обл., МО, Москва)   К лотку приучаем, все ходят в туалет подальше от еды и лежанки.  Если Вас заинтересовали котята и хотите приехать, посмотреть - будем очень рады. Готовы прислать и видео, и дополнительные фото.  Находятся котята в Донском.;https://sun9-70.userapi.com/s/v1/ig2/wkZEsTHZP5Gos0nETC01aNj6thQDC5vJJhKkeu53HnF3J546mBfebkoRGdRBkTpnF06YTZYsUaQ2mM7QvTwJflr7.jpg?quality=95&as=32x32,48x48,72x72,108x108,160x160,240x240,360x360,480x480,540x540,640x640,720x720,1080x1080,1280x1280,1440x1440,2560x2560&from=bu&u=KQWF_VLNDUYg32fWLp5_sg3UO2zDyMdeF1FUruMQz9E&cs=510x510;6349
714431;Знакомьтесь,Шило?? Возраст 1 годик?? Любит грызть коробки,много кушать,мочить лапки в ванной и не давать спать маме с папой по утрам??;https://sun9-49.userapi.com/s/v1/ig2/H1YuPDxOezt6SxXNEe8ChMiR20GhoAWthXmhqE5gL5Kwqz3OxWCsD8NWguzr6e363r27fW7tF99XSmZlJAnQMqIi.jpg?quality=95&as=32x43,48x64,72x96,108x144,160x213,240x320,360x480,480x640,540x720,640x853,720x960,1080x1440,1280x1707,1440x1920,1920x2560&from=bu&u=wNAaLqkNDRf-3hgLBD9DLl2KJf2U4DWxl-AfAY2grME&cs=510x680;31121
714216;Всем привет! Меня зовут Kia и мне год??  1. Мама с папой забрали меня из Перми, ехали 6 часов, первое фото дома?? 2. Подрала тюль за которую маме пришлось платить ?? 3. Наблюдала за мамой и упала в ванну, сразу пошла какать?? 4. Распаковываю косметику  5. Смотрю как мама моется, но больше не лезу  6. Едем к бабушке 7. Мама узнала, что я беременна  8. Показываю котят маме 9. Выросли мои дети…;https://sun9-70.userapi.com/s/v1/ig2/tzl1mP3YaJV5At--06ejjM3NnfjDnyBqFFIZHZLZpRaPQxaMrNRKQgDH1Q7Yj3ckaFgcCrQBk-Ff6FRb-0PHIN8s.jpg?quality=95&as=32x43,48x64,72x96,108x144,160x213,240x320,360x480,480x640,540x720,640x853,720x960,1080x1440,1280x1707,1440x1920,1920x2560&from=bu&u=JVg5d8m9KdE5Jg-mKqZZZblHhi7ruKC4B6us9JVCho0&cs=510x680;84585
714185;Наша Асенька. Взяли по объявлению, потому что без кошки жить невозможно) Очень любит разговаривать и устраивать нам ультра насилие после еды Первые два фото - только забрали в новый дом;https://sun9-72.userapi.com/s/v1/ig2/6w64Ex0Q3GjuP7BifvDE5V5pLA7kBLw2Nvb7DJ4NZrxOJk5IaQngqamnN-aLoYwtN9Qq0lHBAwC-r4JIY8DQ2nHw.jpg?quality=95&as=32x43,48x64,72x96,108x144,160x213,240x320,360x480,480x640,540x720,640x853,720x960,1080x1440,1280x1707,1440x1920,1920x2560&from=bu&u=3IhgeazVGsKEKYDCowSDEAvTLd9zJy0T8X-WCCsQGU0&cs=510x680;31191
714161;Симба ??;https://sun9-46.userapi.com/s/v1/ig2/KIUXuB2hrdXaoLlCAx5wZyhE4h_9rHCr4yYazspI2UriGhceTXuLWWj_YBr-BylxqDoJVVcBt9CFED9_HcK7KAWw.jpg?quality=95&as=32x23,48x34,72x51,108x76,160x113,240x169,360x254,480x339,540x381,640x452,720x508,1080x762,1280x903,1440x1016,2560x1807&from=bu&u=_UbZhzvl3o6u9pbebbHQRxtBsFX7ki_TE4T97ZgxPOU&cs=510x360;24995
714143;Вчера я подобрал на улице котёнка, наверно возраст пару месяцев. А сестра и мать давно занимаются спасением кошек, сейчас у них живут 3 кота и 3 кошки, одну заберу себе, которая постоянно рычит на чёрного кота, не даёт ему проходу, ненавидит его с первого дня. Я вот первый раз решил спасти, чтобы жил у меня с Мархвой, кажется у них одинаковая окраска.  В общем сделали 2 капли ИН-АП от всех паразитов, ещё подлечиваем глаз, думаю вырастет хороший кот и они будут дружить с Мархвой?;https://sun9-32.userapi.com/s/v1/ig2/H2OBzPt3Y8hQccfAlpGWcv_KBD06wW2dZdxVWoPrWlAHX3rRdLDiaSQfI65J0m7EJQ8-kxh-p_885d76EW5p_yo9.jpg?quality=95&as=32x42,48x64,72x96,108x143,160x212,240x319,360x478,480x637,540x717,640x850,720x956,964x1280&from=bu&u=XU-VVaGf06EXBU-uGEw4_2MfNUwd4JIKvZBCTL6S8nQ&cs=510x677;22094
714102;#help@kotrastet  ?? дом ?? Москва и МО  Ищут дом 5 очаровательных котят (в посте поместилось 4, фото последнего будут в комментариях). Возраст примерно 2-3 месяца. 3 девочки, 2 мальчика. Все котята обработаны от паразитов и знают лоточек и когтеточку. Есть более ручные, есть игривые и поспокойнее. Я забрала их с улицы. Отдаются после собеседования в любящие семьи????;https://sun9-20.userapi.com/s/v1/ig2/iEnLVrvo5Z8eP16kLGDolK18ZGIvkzmu-WqNUL3NzBPDVWljfQnqOkp_29JPzp5MQpyO0M7JGE5OS3iBBU_Ljp7A.jpg?quality=95&as=32x48,48x72,72x108,108x162,160x240,240x360,360x540,480x720,540x810,640x960,720x1080,1080x1621,1280x1921,1440x2161,1630x2446&from=bu&u=MJYM0NvwMUh5YXNF4ju5jZ_nYgwuW6BdafODaBYz-Hg&cs=510x765;6780
714093;;https://sun9-46.userapi.com/s/v1/ig2/Wv32AiHqaof_a-yAS2GZa18Ks8jUzw_PDg-DMcxBrDq7HPN3oGWGAacqtRJNv6tWW6SUH7DnSsvwnw08XvXx14lk.jpg?quality=95&as=32x39,48x59,72x89,108x133,160x197,240x295,360x443,480x590,540x664,640x787,720x885,1080x1328&from=bu&u=v8ZjDQMAtlINqzSVUwcS0m5HtVNe2qHIH5dTA5cWOgU&cs=510x627;18639
714063;Тиночка очень фотогеничная!;https://sun9-18.userapi.com/s/v1/ig2/lfP-axi8MGKyMg6TAR7dyIg5AV8lOXVnNQtVrsJGRAItqc42jK1Nri9Cbo8QaKH-fYMtC6-2wVjl7zSiXB0Ow5GP.jpg?quality=95&as=32x24,48x36,72x54,108x81,160x120,240x180,360x270,480x360,540x405,640x480,720x540,1080x810,1280x960,1440x1080,2560x1920&from=bu&u=S6qO9zzQ9TZBX_KSKLfj8MT8T4C-KDb09zdOdWEpdC0&cs=510x382;11173
714005;Маленький гадкий утеночек, оставшаяся без мамы в месяц, с облезшей от стресса и плохой еды шеей, благодаря любви и заботе трансформировалась в шикарнейшую котечку.  Когда мы её подобрали долго не могли придумать имя, а потом увидели, что за печеньки эта малыха готова была рвать глотки. Именно поэтому, знакомьтесь, Куки, для близких Кукичка, Кукиса и иногда Кукилд.  Сейчас это шикарная и любимейшая кошка с неимоверно большим чувством собственной важности.;https://sun9-65.userapi.com/s/v1/ig2/PgfQvd4BwcvcBlwquR7_L1yUVAI_JxSe8jEueeoh35P-C92B9R0M2tkk52hfbKSLmYxkPduC3SLaQOTIgnpitIRZ.jpg?quality=95&as=32x43,48x64,72x96,108x144,160x213,240x320,360x480,480x640,540x720,640x853,720x960,1080x1440,1280x1707,1440x1920,1536x2048&from=bu&u=son4xIxz20AIou272mxCpAOTbcnkI9GzR8llyX_lDuk&cs=510x680;25002
713988;А это снова Кент, который уже год как счастливый домашний кот со своими дурными привычками. Он настолько компаньон, что не может отпустить помыться в одиночестве. Все еще немного кривое, осуждающее и ласковое…;https://sun9-10.userapi.com/s/v1/ig2/sQRC7hkPMPdLn8GWfC2P--SWNWQHP4Ap01PMNdDer62r4aZKOFQP5jBt1YCDHgGpeg77CpnsJTS8nQjIXEVnY2tk.jpg?quality=95&as=32x43,48x64,72x96,108x144,160x213,240x320,360x480,480x640,540x720,640x853,720x960,1080x1440,1280x1707,1440x1920,1920x2560&from=bu&u=AfG95J_LgzBAifrC_o0R9fM-00P-GB_9jFaK9aqxL8U&cs=510x680;11383
713975;Дамы и господа, знакомьтесь - Буша??????  Из маленького больного котеночка с Авито, которого никто в 4 месяца не брал и которого физически наказывали(за болезнь и не умение контролировать ее проявления) в грациозную, темпераментную королеву???? Мимика этой кисы каждый божий раз заставляет меня хохотать) За 4 года проживания душа в душу, Буша научилась доверять: не пугаться громких звуков, не бояться людей и самое главное любить тискания и поглаживания. В самом начале она в ужасе убегала от руки ожидая удара.   К счастью, у этой малышки давно позади те жестокие времена. Сейчас у нас есть масса игр и любимый в две стороны ритуал: спать ложимся в определенном положении. Ладонь лежит на ее пузике, а ее лапка заброшена на мою руку??  Что хочется сказать: искренне не понимаю и отказываюсь понимать жестокость к животным.. и когда увидела это сообщество и видя новые посты в нем, как пушистые обретают дом и они счастливы, хочу сказать огромное спасибо каждому за то, что вы есть у своих булочек и дарите им любовь! Как же это ценно!?;https://sun9-15.userapi.com/s/v1/ig2/G1MRp_XMc3bVdjlg4cc_CNC7iWiJY1d-sPfjP5SwKSnxkWHfvFETxA0zyuf10g_Mg5KSDUbLNiYbQfQvO0nKzvoJ.jpg?quality=95&as=32x31,48x47,72x70,108x105,160x155,240x233,360x349,480x465,540x524,640x620,720x698,1080x1047,1280x1241&from=bu&u=y28D7rf1TY6hXO7CPA478rXte2VhUvhr_WOg2QBcYOg&cs=510x494;10108
713960;люблю своего яшкевича, ему 2 года.. стал старше меня по человеческим меркам  такой же придурковатый, как и раньше;https://sun9-7.userapi.com/s/v1/ig2/DgOJaXZe0S0lVpU04vsOTFa8zoLWf4ov65lNjTDiWYdDO3SvL1QnDzIx5Iz5DFEQLDqIKj_3Tl2uSbBI1dp3zHmM.jpg?quality=95&as=32x43,48x64,72x96,108x144,160x213,240x320,360x480,480x640,540x720,640x853,720x960,1080x1440,1280x1707,1440x1920,1920x2560&from=bu&u=je_mwZc5SJx6ZKX4PmH38eCo1JhnGOEGY8Hlj7yr0E4&cs=510x680;9836
713948;Филька, Филёк, Мистер Филкинс, Пискл, Филимоша, Фил, Филишпрот и ещё много чего:))  Я очень давно хотела завезти котёнка, такого маленького, скромного и несчастного. С улицы. Но у меня то у самой жилья не было)) И вот наконец все образовалось, но не так как представлялось))  Кажется, мы получили БЕНГАЛА. Заметили не сразу.   Прогуливаясь с супругом, пока машина в мойке, из кустов на дорогу, играючи, выбегает котёнок трёх месяцев. Охотно идёт на руки, мурчит и все вокруг его интересует. Поспрашивав у всех «чей он?», поняли, что наш))) Проходит время и все нам напрямую говорят, что он породистый. Мы давай читать. Разговорчивый, интонирует на разные манеры и тональности, слишком быстро НАУЧИЛСЯ ДАВАТЬ ЛАПУ??, активный, везде суёт свой нось, прожорливый.  Еще кусает супруга за ухо и ворует ЛЮБУЮ еду. А еще полностью подстраивается под наш режим. Не устраивает ночных тыгыдыков, а утром просто скромно ждёт нас))  Это совсем не то, что я представляла себе, но я не могу теперь представить себе другого кота))) несмотря на его конкретный характер, он также является мурчалкой и милейшеством по утрам и не только. Любим Фильку ?  Но мы так и не поняли, породистый он или нет))) и откуда он взялся на обочине дороги? Кто его выкинул и почему?..ведь он такой заяц!;https://sun9-59.userapi.com/s/v1/ig2/fUhsSgkmZOY_5vcrrjsN0QKDQ_Au-kl4QfmiIaD6cJays0xpW3nu95QPT_YJhO2Dw_13XOER29rdILwh29Ac_JAw.jpg?quality=95&as=32x43,48x64,72x96,108x144,160x213,240x319,360x479,480x639,540x719,640x852,720x958,1080x1438,1280x1704,1440x1917,1923x2560&from=bu&u=kMmjCMZK_if4FlsrgnozuwQfOJxDZy-qKl5GSN2VHiY&cs=510x679;10913
713877;;;17010
713830;Мой Бишка, скоро нам годик ?;https://sun9-62.userapi.com/s/v1/ig2/po-vDa0M3X_5uq-HflroM0roP_foMD_XoSUqOKajLeL4vXJBTCwhx31-OpyA1hGNgQxH3EaTAy2sIRqygfQUfZVq.jpg?quality=95&as=32x57,48x85,72x128,108x192,160x284,240x427,360x640,480x853,540x960,640x1138,720x1280&from=bu&u=yZXCQdkBetD5150yDL2t0N2sXRvLhjdMVx9LH0hBd68&cs=510x900;13834
713809;Очень нужен совет ?? Нужны действенные капли от блох для котов. Раньше пользовались стронгхолдом, сейчас они пропали в магазинах. Может кто то подскажет еще хорошую фирму ?  Админа благодарю если пропустит данный вопрос на обсуждение ???  #вопрос@kotrastet;;6963
